{"cameraMode":{"drawMode":0,"name":"Shaded","section":"Shading Mode"},"sceneLighting":false,"audioPlay":false,"sceneViewState":{"m_AlwaysRefresh":true,"showFog":true,"showSkybox":false,"showFlares":true,"showImageEffects":true,"showParticleSystems":true,"showVisualEffectGraphs":true,"m_FxEnabled":true},"in2DMode":false,"pivot":{"x":-23.899999618530275,"y":0.4099999964237213,"z":-1.100000023841858},"rotation":{"x":0.26081669330596926,"y":0.6600506901741028,"z":-0.26348447799682619,"w":0.6533553600311279},"size":0.8660253882408142,"orthographic":false}