{"cameraMode":{"drawMode":0,"name":"Shaded","section":"Shading Mode"},"sceneLighting":false,"audioPlay":false,"sceneViewState":{"m_AlwaysRefresh":true,"showFog":true,"showSkybox":false,"showFlares":true,"showImageEffects":true,"showParticleSystems":true,"showVisualEffectGraphs":true,"m_FxEnabled":true},"in2DMode":false,"pivot":{"x":-5.432140827178955,"y":0.6419999599456787,"z":1.559999942779541},"rotation":{"x":0.33007746934890749,"y":-0.08522647619247437,"z":0.02947097085416317,"w":0.9395349621772766},"size":2.6521573066711427,"orthographic":false}