{"cameraMode":{"drawMode":0,"name":"Shaded","section":"Shading Mode"},"sceneLighting":false,"audioPlay":false,"sceneViewState":{"m_AlwaysRefresh":false,"showFog":true,"showSkybox":false,"showFlares":true,"showImageEffects":true,"showParticleSystems":true,"showVisualEffectGraphs":true,"m_FxEnabled":true},"in2DMode":false,"pivot":{"x":-22.498153686523439,"y":0.5809783339500427,"z":10.467070579528809},"rotation":{"x":0.37814590334892275,"y":-0.5038129091262817,"z":0.26037293672561648,"w":0.7317015528678894},"size":15.258384704589844,"orthographic":false}