{"cameraMode":{"drawMode":0,"name":"Shaded","section":"Shading Mode"},"sceneLighting":false,"audioPlay":false,"sceneViewState":{"m_AlwaysRefresh":false,"showFog":true,"showSkybox":false,"showFlares":true,"showImageEffects":true,"showParticleSystems":true,"showVisualEffectGraphs":true,"m_FxEnabled":true},"in2DMode":false,"pivot":{"x":-21.597816467285158,"y":2.1313843727111818,"z":7.605663299560547},"rotation":{"x":0.1049354299902916,"y":-0.058147676289081576,"z":0.00614619255065918,"w":0.9927588701248169},"size":0.8660253882408142,"orthographic":false}