{"cameraMode":{"drawMode":0,"name":"Shaded","section":"Shading Mode"},"sceneLighting":false,"audioPlay":false,"sceneViewState":{"m_AlwaysRefresh":false,"showFog":true,"showSkybox":false,"showFlares":true,"showImageEffects":true,"showParticleSystems":true,"showVisualEffectGraphs":true,"m_FxEnabled":true},"in2DMode":false,"pivot":{"x":0.11754544079303742,"y":-0.12210991978645325,"z":0.38094887137413027},"rotation":{"x":-0.25678563117980959,"y":0.07038564234972,"z":-0.018755551427602769,"w":-0.9637416005134583},"size":0.8660253882408142,"orthographic":false}