{"cameraMode":{"drawMode":0,"name":"Shaded","section":"Shading Mode"},"sceneLighting":false,"audioPlay":false,"sceneViewState":{"m_AlwaysRefresh":true,"showFog":true,"showSkybox":false,"showFlares":true,"showImageEffects":true,"showParticleSystems":true,"showVisualEffectGraphs":true,"m_FxEnabled":true},"in2DMode":false,"pivot":{"x":-4.0796074867248539,"y":2.0190000534057619,"z":5.677243709564209},"rotation":{"x":0.26081669330596926,"y":0.6600506901741028,"z":-0.26348447799682619,"w":0.6533553600311279},"size":1.2124354839324952,"orthographic":false}