{"cameraMode":{"drawMode":0,"name":"Shaded","section":"Shading Mode"},"sceneLighting":false,"audioPlay":false,"sceneViewState":{"m_AlwaysRefresh":false,"showFog":true,"showSkybox":false,"showFlares":true,"showImageEffects":true,"showParticleSystems":true,"showVisualEffectGraphs":true,"m_FxEnabled":true},"in2DMode":false,"pivot":{"x":4.983633041381836,"y":4.50495719909668,"z":4.973180770874023},"rotation":{"x":0.4411698281764984,"y":-0.0016250539338216186,"z":0.0008004771661944687,"w":0.897432804107666},"size":33.289703369140628,"orthographic":false}