{"cameraMode":{"drawMode":0,"name":"Shaded","section":"Shading Mode"},"sceneLighting":false,"audioPlay":false,"sceneViewState":{"m_AlwaysRefresh":false,"showFog":true,"showSkybox":false,"showFlares":true,"showImageEffects":true,"showParticleSystems":true,"showVisualEffectGraphs":true,"m_FxEnabled":true},"in2DMode":false,"pivot":{"x":-9.75367546081543,"y":15.982708930969239,"z":166.86390686035157},"rotation":{"x":0.0009741125395521522,"y":-0.9981878995895386,"z":0.05785876885056496,"w":0.016767239198088647},"size":0.8660253882408142,"orthographic":false}