{"cameraMode":{"drawMode":0,"name":"Shaded","section":"Shading Mode"},"sceneLighting":false,"audioPlay":false,"sceneViewState":{"m_AlwaysRefresh":true,"showFog":true,"showSkybox":false,"showFlares":true,"showImageEffects":true,"showParticleSystems":true,"showVisualEffectGraphs":true,"m_FxEnabled":true},"in2DMode":false,"pivot":{"x":-5.432140827178955,"y":0.6419999599456787,"z":1.559999942779541},"rotation":{"x":0.4553258419036865,"y":0.007534462958574295,"z":-0.004354211501777172,"w":0.8901748061180115},"size":2.6521573066711427,"orthographic":false}