{"cameraMode":{"drawMode":0,"name":"Shaded","section":"Shading Mode"},"sceneLighting":true,"audioPlay":false,"sceneViewState":{"m_AlwaysRefresh":true,"showFog":true,"showSkybox":true,"showFlares":true,"showImageEffects":true,"showParticleSystems":true,"showVisualEffectGraphs":true,"m_FxEnabled":true},"in2DMode":false,"pivot":{"x":-17.108686447143556,"y":9.883085250854493,"z":6.336501121520996},"rotation":{"x":0.34272637963294985,"y":0.09978406131267548,"z":-0.03663703054189682,"w":0.9333995580673218},"size":14.486822128295899,"orthographic":false}