{"cameraMode":{"drawMode":0,"name":"Shaded","section":"Shading Mode"},"sceneLighting":true,"audioPlay":false,"sceneViewState":{"m_AlwaysRefresh":true,"showFog":true,"showSkybox":true,"showFlares":true,"showImageEffects":true,"showParticleSystems":true,"showVisualEffectGraphs":true,"m_FxEnabled":true},"in2DMode":false,"pivot":{"x":-9.404350280761719,"y":69.93671417236328,"z":-85.93193817138672},"rotation":{"x":0.2583177983760834,"y":0.003934004344046116,"z":-0.0015126075595617295,"w":0.9659518003463745},"size":5.290268421173096,"orthographic":false}