{"cameraMode":{"drawMode":0,"name":"Shaded","section":"Shading Mode"},"sceneLighting":false,"audioPlay":false,"sceneViewState":{"m_AlwaysRefresh":true,"showFog":true,"showSkybox":false,"showFlares":true,"showImageEffects":true,"showParticleSystems":true,"showVisualEffectGraphs":true,"m_FxEnabled":true},"in2DMode":false,"pivot":{"x":-4.055721282958984,"y":-8.982474327087403,"z":36.86269760131836},"rotation":{"x":0.15801596641540528,"y":-0.08910675346851349,"z":0.013862394727766514,"w":0.9832111597061157},"size":37.579158782958987,"orthographic":false}