{"cameraMode":{"drawMode":0,"name":"Shaded","section":"Shading Mode"},"sceneLighting":true,"audioPlay":false,"sceneViewState":{"m_AlwaysRefresh":true,"showFog":true,"showSkybox":true,"showFlares":true,"showImageEffects":true,"showParticleSystems":true,"showVisualEffectGraphs":true,"m_FxEnabled":true},"in2DMode":false,"pivot":{"x":-41.635643005371097,"y":47.812278747558597,"z":-32.332637786865237},"rotation":{"x":0.3684915006160736,"y":-0.06310469657182694,"z":0.02465694211423397,"w":0.9270582795143127},"size":5.290268421173096,"orthographic":false}