{"cameraMode":{"drawMode":0,"name":"Shaded","section":"Shading Mode"},"sceneLighting":true,"audioPlay":false,"sceneViewState":{"m_AlwaysRefresh":true,"showFog":true,"showSkybox":true,"showFlares":true,"showImageEffects":true,"showParticleSystems":true,"showVisualEffectGraphs":true,"m_FxEnabled":true},"in2DMode":false,"pivot":{"x":0.44688695669174197,"y":275.9981384277344,"z":-290.3653259277344},"rotation":{"x":0.4553258419036865,"y":0.007534462958574295,"z":-0.004354211501777172,"w":0.8901748061180115},"size":5.290268421173096,"orthographic":false}