{"cameraMode":{"drawMode":0,"name":"Shaded","section":"Shading Mode"},"sceneLighting":false,"audioPlay":false,"sceneViewState":{"m_AlwaysRefresh":true,"showFog":true,"showSkybox":false,"showFlares":true,"showImageEffects":true,"showParticleSystems":true,"showVisualEffectGraphs":true,"m_FxEnabled":true},"in2DMode":false,"pivot":{"x":-2.7158706188201906,"y":4.288514614105225,"z":0.12165722250938416},"rotation":{"x":0.4553258419036865,"y":0.007534462958574295,"z":-0.004354211501777172,"w":0.8901748061180115},"size":16.202911376953126,"orthographic":false}